[{"@type":"mappingTemplate","id":"@1","name":"Mapping_RESTV2","description":"","autoExpireObject":false,"bundleVersion":"0","assetFrsGuid":"3mFWcH0KiPGftWbBO5kSeh","templateId":"@3","hasParameters":false,"valid":true,"fixedConnection":true,"hasParametersDeployed":false,"fixedConnectionDeployed":false,"isSchemaValidationEnabled":false,"tasks":0,"mappingPreviewFileRecordId":"@2","documentType":"MAPPING","allowMaxFieldLength":false,"specialCharacterSupport":false,"references":[{"@type":"reference","refObjectId":"@aUvC4dDaOG7eIaIcbSQgSb","refType":"connection"},{"@type":"reference","refObjectId":"@6lzvvEiIekSeuPbDbJ9IMV","refType":"connection"}]}]